run_id,step,train_time_ms,val_loss,val_bpb,step_avg_ms,dense_band_center_step,flatten_step,stage,switch_triggered,delta_step,delta_time_ms,gain_bpb,gain_per_step,gain_per_second,recent_gain_per_step,recent_gain_per_second
adaptive_cascade_smoke_a4000_20260411-115206,0,0.016,6.93268078,4.10592406,0.0162,100,0,base,False,0.0,0.0,0.0,0.0,0.0,0.0,0.0
adaptive_cascade_smoke_a4000_20260411-115206,50,8940.388,4.67984305,2.77166666,178.8078,100,0,base,False,50.0,8940.37218392,1.3342574,0.02668515,0.14923958,0.02668515,0.14923958
adaptive_cascade_smoke_a4000_20260411-115206,75,13423.713,4.44760398,2.6341216,178.9828,100,0,base,False,25.0,4483.32514614,0.13754506,0.0055018,0.03067925,0.01609348,0.08995942
adaptive_cascade_smoke_a4000_20260411-115206,100,17895.723,4.31050125,2.55292164,178.9572,100,100,late_ema,True,0.0,0.0,0.0,0.0,0.0,0.0,0.0
adaptive_cascade_smoke_a4000_20260411-115206,125,22380.57,6.47189088,3.83301832,179.0446,100,0,late_ema,False,0.0,0.0,0.0,0.0,0.0,0.0,0.0
adaptive_cascade_smoke_a4000_20260411-115206,150,26863.902,6.22455111,3.68652978,179.0927,100,0,late_ema,False,25.0,4483.33173245,0.14648854,0.00585954,0.03267404,0.00585954,0.03267404
adaptive_cascade_smoke_a4000_20260411-115206,200,35821.085,5.97492197,3.53868534,179.1054,100,0,late_ema,False,50.0,8957.18343556,0.14784444,0.00295689,0.01650568,0.00440822,0.02458986
