run_id,step,train_time_ms,val_loss,val_bpb,step_avg_ms,dense_band_center_step,flatten_step,stage,switch_triggered,delta_step,delta_time_ms,gain_bpb,gain_per_step,gain_per_second,recent_gain_per_step,recent_gain_per_second
adaptive_cascade_smoke_4gpu_20260411-170020,0,0.015,6.93268078,4.10592406,0.0152,100,0,base,False,0.0,0.0,0.0,0.0,0.0,0.0,0.0
adaptive_cascade_smoke_4gpu_20260411-170020,50,3685.088,4.58331911,2.71449974,73.7018,100,0,base,False,50.0,3685.07320993,1.39142431,0.02782849,0.3775839,0.02782849,0.3775839
adaptive_cascade_smoke_4gpu_20260411-170020,75,5528.753,4.33448305,2.56712501,73.7167,100,0,base,False,25.0,1843.66496839,0.14737473,0.00589499,0.07993575,0.01686174,0.22875982
adaptive_cascade_smoke_4gpu_20260411-170020,100,7372.832,4.14114798,2.4526211,73.7283,100,100,late_ema,True,0.0,0.0,0.0,0.0,0.0,0.0,0.0
adaptive_cascade_smoke_4gpu_20260411-170020,125,9221.077,4.13275844,2.44765234,73.7686,100,100,late_ema,False,0.0,0.0,0.0,0.0,0.0,0.0,0.0
adaptive_cascade_smoke_4gpu_20260411-170020,150,11070.543,4.11706242,2.43835627,73.8036,100,100,late_ema,False,25.0,1849.46600534,0.00929607,0.00037184,0.00502635,0.00037184,0.00502635
adaptive_cascade_smoke_4gpu_20260411-170020,200,14771.197,4.08139849,2.41723408,73.856,100,100,late_ema,False,50.0,3700.65357909,0.02112219,0.00042244,0.00570769,0.00039714,0.00536702
